{
    "expanded": [
        "extra",
        "selecao_logica",
        "op_form",
        "caminho-base",
        "laco_controle",
        "vetor_logica"
    ],
    "tasks": {
        "tres": "10",
        "resto": "10",
        "media": "10",
        "sobrou": "10",
        "segundos": "10",
        "celsius": "10",
        "pintando": "10",
        "bala": "10",
        "ou": "10",
        "positivo": "10",
        "multiplo": "10",
        "nulo": "10",
        "calculadora": "10",
        "final": "10",
        "trabalhando": "10",
        "varetas": "10",
        "arredondar": "10",
        "quebrada": "10",
        "operacoes": "10",
        "data": "10",
        "opala": "10",
        "impedido": "10",
        "maximo": "10",
        "chaves": "10",
        "chute": "10"
    },
    "flags": {
        "minimum": 0,
        "reward": 0,
        "percent": 0,
        "admin": 1,
        "fortune": 0,
        "random": 0,
        "config": 0,
        "xpbar": 0,
        "inventory": 0,
        "mono": 0,
        "nerd": 0
    },
    "new_items": [
        "vetores-",
        "strings-",
        "matrizes-",
        "extra-",
        "selecao_circular",
        "selecao_intervalo",
        "selecao_busca",
        "selecao_conversao",
        "laco_math",
        "vetor_busca",
        "vetor_contagem",
        "vetor_conversao",
        "vetor_manipulacao",
        "vetor_proximidade",
        "vetor_ordenacao",
        "vetor_math",
        "strings_i",
        "strings_ii",
        "strings_iii",
        "strings_iv",
        "strings_v",
        "strings_vi",
        "matrizes_i",
        "matrizes_ii",
        "ponteiros",
        "recursao",
        "structs",
        "em_construcao",
        "main_op"
    ],
    "lang": "js",
    "index": 68
}